word,word_start_sec,word_start_nano_sec,word_end_sec,word_end_nano_sec,word_start_time,word_end_time,word_start_time_lag
Welcome,0,300000000,0,600000000,0.0,600.0,600.0
back,0,600000000,1,100000000,600.0,1100.0,1500.0
in,1,500000000,1,600000000,1500.0,1600.0,1600.0
this,1,600000000,1,800000000,1600.0,1800.0,1800.0
week.,1,800000000,2,200000000,1800.0,2200.0,2200.0
You,2,200000000,2,300000000,2200.0,2300.0,2300.0
learn,2,300000000,2,600000000,2300.0,2600.0,2600.0
to,2,600000000,2,700000000,2600.0,2700.0,2700.0
implement,2,700000000,3,300000000,2700.0,3300.0,3300.0
a,3,300000000,3,400000000,3300.0,3400.0,3400.0
neural,3,400000000,3,700000000,3400.0,3700.0,3700.0
network,3,700000000,4,500000000,3700.0,4500.0,4700.0
before,4,700000000,5,0,4700.0,5000.0,5000.0
diving,5,0,5,500000000,5000.0,5500.0,5500.0
into,5,500000000,5,700000000,5500.0,5700.0,5700.0
the,5,700000000,5,900000000,5700.0,5900.0,5900.0
technical,5,900000000,6,200000000,5900.0,6200.0,6200.0
details.,6,200000000,6,800000000,6200.0,6800.0,6800.0
I,6,800000000,6,900000000,6800.0,6900.0,6900.0
wanted,6,900000000,7,400000000,6900.0,7400.0,7400.0
in,7,400000000,7,500000000,7400.0,7500.0,7500.0
this,7,500000000,7,700000000,7500.0,7700.0,7700.0
video,7,700000000,8,0,7700.0,8000.0,8000.0
to,8,0,8,200000000,8000.0,8200.0,8200.0
give,8,200000000,8,300000000,8200.0,8300.0,8300.0
you,8,300000000,8,400000000,8300.0,8400.0,8400.0
a,8,400000000,8,500000000,8400.0,8500.0,8500.0
quick,8,500000000,8,800000000,8500.0,8800.0,8800.0
overview,8,800000000,9,400000000,8800.0,9400.0,9500.0
of,9,500000000,9,600000000,9500.0,9600.0,9600.0
what,9,600000000,9,800000000,9600.0,9800.0,9800.0
you'll,9,800000000,9,900000000,9800.0,9900.0,9900.0
be,9,900000000,10,0,9900.0,10000.0,10000.0
seeing,10,0,10,400000000,10000.0,10400.0,10400.0
in,10,400000000,10,500000000,10400.0,10500.0,10500.0
this,10,500000000,10,700000000,10500.0,10700.0,10700.0
week's,10,700000000,11,0,10700.0,11000.0,11000.0
videos.,11,0,11,600000000,11000.0,11600.0,11800.0
So,11,800000000,12,300000000,11800.0,12300.0,12400.0
if,12,400000000,12,700000000,12400.0,12700.0,12700.0
you,12,700000000,12,800000000,12700.0,12800.0,12800.0
don't,12,800000000,13,0,12800.0,13000.0,13000.0
follow,13,0,13,400000000,13000.0,13400.0,13400.0
all,13,400000000,13,600000000,13400.0,13600.0,13600.0
the,13,600000000,13,700000000,13600.0,13700.0,13700.0
details,13,700000000,14,100000000,13700.0,14100.0,14100.0
in,14,100000000,14,200000000,14100.0,14200.0,14200.0
this,14,200000000,14,400000000,14200.0,14400.0,14400.0
"video,",14,400000000,15,0,14400.0,15000.0,15000.0
don't,15,0,15,200000000,15000.0,15200.0,15200.0
worry,15,200000000,15,300000000,15200.0,15300.0,15300.0
about,15,300000000,15,600000000,15300.0,15600.0,15600.0
it.,15,600000000,15,900000000,15600.0,15900.0,15900.0
We'll,15,900000000,16,100000000,15900.0,16100.0,16100.0
delve,16,100000000,16,400000000,16100.0,16400.0,16400.0
into,16,400000000,16,500000000,16400.0,16500.0,16500.0
the,16,500000000,16,600000000,16500.0,16600.0,16600.0
technical,16,600000000,17,100000000,16600.0,17100.0,17100.0
details,17,100000000,17,600000000,17100.0,17600.0,17600.0
in,17,600000000,17,700000000,17600.0,17700.0,17700.0
the,17,700000000,17,800000000,17700.0,17800.0,17800.0
next,17,800000000,18,0,17800.0,18000.0,18000.0
few,18,0,18,200000000,18000.0,18200.0,18200.0
"videos,",18,200000000,18,800000000,18200.0,18800.0,18900.0
but,18,900000000,19,0,18900.0,19000.0,19000.0
for,19,0,19,100000000,19000.0,19100.0,19100.0
"now,",19,100000000,19,500000000,19100.0,19500.0,19500.0
let's,19,500000000,19,700000000,19500.0,19700.0,19700.0
give,19,700000000,19,900000000,19700.0,19900.0,19900.0
a,19,900000000,19,900000000,19900.0,19900.0,19900.0
quick,19,900000000,20,200000000,19900.0,20200.0,20200.0
overview,20,200000000,20,800000000,20200.0,20800.0,20800.0
of,20,800000000,21,200000000,20800.0,21200.0,21500.0
how,21,500000000,21,700000000,21500.0,21700.0,21700.0
you,21,700000000,21,900000000,21700.0,21900.0,21900.0
implement,21,900000000,22,400000000,21900.0,22400.0,22400.0
in,22,400000000,22,600000000,22400.0,22600.0,22600.0
your,22,600000000,22,700000000,22600.0,22700.0,22700.0
network,22,700000000,23,500000000,22700.0,23500.0,23600.0
last,23,600000000,24,0,23600.0,24000.0,24000.0
week.,24,0,24,200000000,24000.0,24200.0,24200.0
We,24,200000000,24,300000000,24200.0,24300.0,24300.0
had,24,300000000,24,500000000,24300.0,24500.0,24500.0
talked,24,500000000,24,700000000,24500.0,24700.0,24700.0
about,24,700000000,25,0,24700.0,25000.0,25000.0
logistic,25,0,25,500000000,25000.0,25500.0,25500.0
regression,25,500000000,26,200000000,25500.0,26200.0,26200.0
and,26,200000000,26,400000000,26200.0,26400.0,26400.0
we,26,400000000,26,500000000,26400.0,26500.0,26500.0
saw,26,500000000,26,800000000,26500.0,26800.0,26800.0
how,26,800000000,27,100000000,26800.0,27100.0,27100.0
this,27,100000000,27,600000000,27100.0,27600.0,27600.0
model,27,600000000,28,200000000,27600.0,28200.0,28600.0
corresponds,28,600000000,29,500000000,28600.0,29500.0,30000.0
to,30,0,30,100000000,30000.0,30100.0,30200.0
the,30,200000000,30,300000000,30200.0,30300.0,30300.0
following,30,300000000,30,700000000,30300.0,30700.0,30700.0
computation,30,700000000,31,500000000,30700.0,31500.0,31500.0
draft,31,500000000,32,0,31500.0,32000.0,32000.0
where,32,0,32,400000000,32000.0,32400.0,32900.0
you,32,900000000,33,0,32900.0,33000.0,33000.0
didn't,33,0,33,200000000,33000.0,33200.0,33200.0
put,33,200000000,33,800000000,33200.0,33800.0,34200.0
the,34,200000000,34,300000000,34200.0,34300.0,34300.0
features,34,300000000,34,700000000,34300.0,34700.0,34700.0
X,34,700000000,35,0,34700.0,35000.0,35000.0
and,35,0,35,100000000,35000.0,35100.0,35100.0
parameters,35,100000000,35,600000000,35100.0,35600.0,35600.0
W,35,600000000,35,900000000,35600.0,35900.0,35900.0
and,35,900000000,36,0,35900.0,36000.0,36000.0
B,36,0,36,300000000,36000.0,36300.0,36600.0
that,36,600000000,36,700000000,36600.0,36700.0,36700.0
allows,36,700000000,37,100000000,36700.0,37100.0,37100.0
you,37,100000000,37,200000000,37100.0,37200.0,37200.0
to,37,200000000,37,200000000,37200.0,37200.0,37200.0
compute,37,200000000,37,600000000,37200.0,37600.0,37600.0
"Z,",37,600000000,38,100000000,37600.0,38100.0,38200.0
which,38,200000000,38,400000000,38200.0,38400.0,38400.0
is,38,400000000,38,500000000,38400.0,38500.0,38500.0
then,38,500000000,38,700000000,38500.0,38700.0,38700.0
used,38,700000000,38,900000000,38700.0,38900.0,38900.0
to,38,900000000,39,0,38900.0,39000.0,39000.0
compute,39,0,39,500000000,39000.0,39500.0,39600.0
a,39,600000000,40,0,39600.0,40000.0,40200.0
and,40,200000000,40,400000000,40200.0,40400.0,40400.0
we,40,400000000,40,500000000,40400.0,40500.0,40500.0
were,40,500000000,40,700000000,40500.0,40700.0,40700.0
using,40,700000000,41,300000000,40700.0,41300.0,41300.0
a,41,300000000,41,700000000,41300.0,41700.0,42300.0
interchangeably,42,300000000,43,100000000,42300.0,43100.0,43100.0
with,43,100000000,43,200000000,43100.0,43200.0,43200.0
this,43,200000000,43,500000000,43200.0,43500.0,43900.0
output,43,900000000,44,400000000,43900.0,44400.0,44400.0
y,44,400000000,44,700000000,44400.0,44700.0,44700.0
hat,44,700000000,45,200000000,44700.0,45200.0,45600.0
and,45,600000000,45,700000000,45600.0,45700.0,45700.0
then,45,700000000,46,100000000,45700.0,46100.0,46100.0
you,46,100000000,46,200000000,46100.0,46200.0,46200.0
can,46,200000000,46,400000000,46200.0,46400.0,46400.0
compute,46,400000000,46,900000000,46400.0,46900.0,46900.0
the,46,900000000,47,100000000,46900.0,47100.0,47100.0
loss,47,100000000,47,300000000,47100.0,47300.0,47300.0
function,47,300000000,47,900000000,47300.0,47900.0,48200.0
l,48,200000000,48,600000000,48200.0,48600.0,49500.0
a,49,500000000,49,700000000,49500.0,49700.0,49700.0
neural,49,700000000,49,900000000,49700.0,49900.0,49900.0
network,49,900000000,50,500000000,49900.0,50500.0,50500.0
looks,50,500000000,50,700000000,50500.0,50700.0,50700.0
like,50,700000000,50,900000000,50700.0,50900.0,50900.0
this,50,900000000,51,300000000,50900.0,51300.0,51300.0
and,51,300000000,51,600000000,51300.0,51600.0,51600.0
as,51,600000000,52,0,51600.0,52000.0,52000.0
I've,52,0,52,100000000,52000.0,52100.0,52100.0
already,52,100000000,52,300000000,52100.0,52300.0,52300.0
previously,52,300000000,52,700000000,52300.0,52700.0,52700.0
alluded,52,700000000,53,400000000,52700.0,53400.0,53500.0
you,53,500000000,53,600000000,53500.0,53600.0,53600.0
can,53,600000000,53,800000000,53600.0,53800.0,53800.0
form,53,800000000,54,100000000,53800.0,54100.0,54100.0
a,54,100000000,54,100000000,54100.0,54100.0,54100.0
neural,54,100000000,54,400000000,54100.0,54400.0,54400.0
network,54,400000000,54,800000000,54400.0,54800.0,54800.0
by,54,800000000,55,0,54800.0,55000.0,55000.0
stacking,55,0,55,500000000,55000.0,55500.0,55500.0
together,55,500000000,56,100000000,55500.0,56100.0,56300.0
a,56,300000000,56,400000000,56300.0,56400.0,56400.0
lot,56,400000000,56,600000000,56400.0,56600.0,56600.0
of,56,600000000,56,800000000,56600.0,56800.0,57000.0
little,57,0,57,300000000,57000.0,57300.0,57300.0
sigmoid,57,300000000,57,800000000,57300.0,57800.0,57800.0
units,57,800000000,58,400000000,57800.0,58400.0,58800.0
whereas,58,800000000,59,200000000,58800.0,59200.0,60300.0
This,60,300000000,60,500000000,60300.0,60500.0,60500.0
node,60,500000000,61,0,60500.0,61000.0,61000.0
corresponds,61,0,61,800000000,61000.0,61800.0,61800.0
to,61,800000000,62,200000000,61800.0,62200.0,62400.0
two,62,400000000,62,600000000,62400.0,62600.0,62600.0
steps,62,600000000,62,900000000,62600.0,62900.0,62900.0
of,62,900000000,63,0,62900.0,63000.0,63000.0
calculations.,63,0,63,800000000,63000.0,63800.0,63800.0
The,63,800000000,63,900000000,63800.0,63900.0,63900.0
first,63,900000000,64,300000000,63900.0,64300.0,64300.0
is,64,300000000,64,400000000,64300.0,64400.0,64400.0
computer,64,400000000,65,0,64400.0,65000.0,65000.0
z-value,65,0,65,800000000,65000.0,65800.0,66100.0
second.,66,100000000,66,600000000,66100.0,66600.0,66600.0
Is,66,600000000,66,800000000,66600.0,66800.0,66800.0
it,66,800000000,66,800000000,66800.0,66800.0,66800.0
computes,66,800000000,67,300000000,66800.0,67300.0,67300.0
this,67,300000000,67,600000000,67300.0,67600.0,67600.0
a,67,600000000,67,700000000,67600.0,67700.0,67700.0
value,67,700000000,68,400000000,67700.0,68400.0,68900.0
in,68,900000000,69,0,68900.0,69000.0,69000.0
this,69,0,69,300000000,69000.0,69300.0,69300.0
dual,69,300000000,69,500000000,69300.0,69500.0,69500.0
network?,69,500000000,70,200000000,69500.0,70200.0,70700.0
This,70,700000000,71,200000000,70700.0,71200.0,71200.0
stack,71,200000000,71,500000000,71200.0,71500.0,71500.0
of,71,500000000,71,700000000,71500.0,71700.0,71700.0
notes,71,700000000,72,100000000,71700.0,72100.0,72100.0
will,72,100000000,72,200000000,72100.0,72200.0,72200.0
correspond,72,200000000,72,800000000,72200.0,72800.0,72800.0
to,72,800000000,73,200000000,72800.0,73200.0,73200.0
a,73,200000000,73,500000000,73200.0,73500.0,73700.0
z,73,700000000,74,400000000,73700.0,74400.0,74400.0
like,74,400000000,74,700000000,74400.0,74700.0,74700.0
calculation,74,700000000,75,600000000,74700.0,75600.0,75600.0
like,75,600000000,75,800000000,75600.0,75800.0,75800.0
this,75,800000000,76,100000000,75800.0,76100.0,76900.0
as,76,900000000,77,200000000,76900.0,77200.0,77200.0
well,77,200000000,77,400000000,77200.0,77400.0,77400.0
as,77,400000000,77,600000000,77400.0,77600.0,77600.0
an,77,600000000,77,900000000,77600.0,77900.0,77900.0
a,77,900000000,78,300000000,77900.0,78300.0,78500.0
like,78,500000000,78,800000000,78500.0,78800.0,78800.0
calculation,78,800000000,79,300000000,78800.0,79300.0,79300.0
like,79,300000000,79,500000000,79300.0,79500.0,79500.0
that,79,500000000,79,900000000,79500.0,79900.0,80400.0
and,80,400000000,80,500000000,80400.0,80500.0,80500.0
then,80,500000000,80,800000000,80500.0,80800.0,81600.0
that,81,600000000,81,900000000,81600.0,81900.0,81900.0
node,81,900000000,82,100000000,81900.0,82100.0,82100.0
will,82,100000000,82,300000000,82100.0,82300.0,82300.0
correspond,82,300000000,82,800000000,82300.0,82800.0,82800.0
to,82,800000000,83,0,82800.0,83000.0,83000.0
another,83,0,83,500000000,83000.0,83500.0,83600.0
Z,83,600000000,84,0,83600.0,84000.0,84000.0
and,84,0,84,100000000,84000.0,84100.0,84100.0
another,84,100000000,84,700000000,84100.0,84700.0,84700.0
a,84,700000000,85,0,84700.0,85000.0,85000.0
like,85,0,85,200000000,85000.0,85200.0,85200.0
calculation.,85,200000000,86,0,85200.0,86000.0,86500.0
So,86,500000000,86,700000000,86500.0,86700.0,86700.0
the,86,700000000,86,800000000,86700.0,86800.0,86800.0
notation,86,800000000,87,400000000,86800.0,87400.0,87400.0
which,87,400000000,87,600000000,87400.0,87600.0,87600.0
were,87,600000000,87,700000000,87600.0,87700.0,87700.0
introduced,87,700000000,88,0,87700.0,88000.0,88000.0
later,88,0,88,600000000,88000.0,88600.0,88900.0
will,88,900000000,89,200000000,88900.0,89200.0,89200.0
look,89,200000000,89,400000000,89200.0,89400.0,89400.0
like,89,400000000,89,600000000,89400.0,89600.0,90600.0
First,90,600000000,91,0,90600.0,91000.0,91000.0
we'll,91,0,91,100000000,91000.0,91100.0,91100.0
inputs,91,100000000,91,700000000,91100.0,91700.0,91700.0
the,91,700000000,92,0,91700.0,92000.0,92000.0
features,92,0,92,700000000,92000.0,92700.0,92800.0
X,92,800000000,93,200000000,92800.0,93200.0,93500.0
together,93,500000000,93,800000000,93500.0,93800.0,93800.0
with,93,800000000,94,0,93800.0,94000.0,94000.0
some,94,0,94,200000000,94000.0,94200.0,94200.0
parameters,94,200000000,94,700000000,94200.0,94700.0,94700.0
W,94,700000000,95,100000000,94700.0,95100.0,95100.0
and,95,100000000,95,300000000,95100.0,95300.0,95300.0
"B,",95,300000000,95,700000000,95300.0,95700.0,96700.0
and,96,700000000,96,800000000,96700.0,96800.0,96800.0
this,96,800000000,97,100000000,96800.0,97100.0,97100.0
will,97,100000000,97,200000000,97100.0,97200.0,97200.0
allow,97,200000000,97,500000000,97200.0,97500.0,97500.0
you,97,500000000,97,700000000,97500.0,97700.0,97700.0
to,97,700000000,97,800000000,97700.0,97800.0,97800.0
compute,97,800000000,98,500000000,97800.0,98500.0,98500.0
Z1.,98,500000000,99,500000000,98500.0,99500.0,100200.0
So,100,200000000,100,400000000,100200.0,100400.0,100400.0
new,100,400000000,100,600000000,100400.0,100600.0,100600.0
notation,100,600000000,101,300000000,100600.0,101300.0,101300.0
that,101,300000000,101,400000000,101300.0,101400.0,101400.0
will,101,400000000,101,500000000,101400.0,101500.0,101500.0
introduce,101,500000000,102,400000000,101500.0,102400.0,102400.0
is,102,400000000,102,800000000,102400.0,102800.0,102800.0
that,102,800000000,103,100000000,102800.0,103100.0,103100.0
will,103,100000000,103,300000000,103100.0,103300.0,103300.0
use,103,300000000,103,700000000,103300.0,103700.0,103700.0
superscript,103,700000000,104,600000000,103700.0,104600.0,104600.0
square,104,600000000,105,0,104600.0,105000.0,105000.0
bracket,105,0,105,500000000,105000.0,105500.0,105500.0
one,105,500000000,105,800000000,105500.0,105800.0,106400.0
to,106,400000000,106,500000000,106400.0,106500.0,106500.0
refer,106,500000000,106,900000000,106500.0,106900.0,106900.0
to,106,900000000,107,0,106900.0,107000.0,107000.0
quantities,107,0,107,600000000,107000.0,107600.0,107600.0
associated,107,600000000,108,600000000,107600.0,108600.0,108600.0
with,108,600000000,108,800000000,108600.0,108800.0,108800.0
this,108,800000000,109,0,108800.0,109000.0,109000.0
stack,109,0,109,300000000,109000.0,109300.0,109300.0
of,109,300000000,109,500000000,109300.0,109500.0,109500.0
knows,109,500000000,109,700000000,109500.0,109700.0,109700.0
it's,109,700000000,109,900000000,109700.0,109900.0,109900.0
called,109,900000000,110,100000000,109900.0,110100.0,110100.0
a,110,100000000,110,200000000,110100.0,110200.0,110200.0
lair,110,200000000,110,700000000,110200.0,110700.0,111500.0
and,111,500000000,111,600000000,111500.0,111600.0,111600.0
then,111,600000000,111,800000000,111600.0,111800.0,111800.0
later,111,800000000,112,200000000,111800.0,112200.0,112200.0
we'll,112,200000000,112,400000000,112200.0,112400.0,112400.0
use,112,400000000,112,600000000,112400.0,112600.0,112600.0
superscript,112,600000000,113,300000000,112600.0,113300.0,113300.0
square,113,300000000,113,600000000,113300.0,113600.0,113600.0
bracket,113,600000000,114,0,113600.0,114000.0,114000.0
to,114,0,114,500000000,114000.0,114500.0,115300.0
to,115,300000000,115,400000000,115300.0,115400.0,115400.0
refer,115,400000000,115,700000000,115400.0,115700.0,115700.0
to,115,700000000,115,800000000,115700.0,115800.0,115800.0
quantities,115,800000000,116,500000000,115800.0,116500.0,116500.0
associated,116,500000000,117,300000000,116500.0,117300.0,117300.0
with,117,300000000,117,500000000,117300.0,117500.0,117500.0
that,117,500000000,117,700000000,117500.0,117700.0,117700.0
node.,117,700000000,118,0,117700.0,118000.0,118000.0
Really,118,0,118,400000000,118000.0,118400.0,118700.0
that's,118,700000000,119,0,118700.0,119000.0,119000.0
called,119,0,119,200000000,119000.0,119200.0,119200.0
another,119,200000000,119,700000000,119200.0,119700.0,120000.0
Layer,120,0,120,300000000,120000.0,120300.0,120300.0
of,120,300000000,120,400000000,120300.0,120400.0,120400.0
the,120,400000000,120,600000000,120400.0,120600.0,120600.0
neural,120,600000000,120,800000000,120600.0,120800.0,120800.0
network,120,800000000,121,400000000,120800.0,121400.0,121500.0
and,121,500000000,121,700000000,121500.0,121700.0,121700.0
the,121,700000000,121,900000000,121700.0,121900.0,121900.0
superscript,121,900000000,122,500000000,121900.0,122500.0,122500.0
square,122,500000000,122,800000000,122500.0,122800.0,122800.0
brackets,122,800000000,123,500000000,122800.0,123500.0,123800.0
like,123,800000000,124,100000000,123800.0,124100.0,124100.0
we,124,100000000,124,200000000,124100.0,124200.0,124200.0
have,124,200000000,124,400000000,124200.0,124400.0,124400.0
here,124,400000000,124,900000000,124400.0,124900.0,125400.0
are,125,400000000,125,600000000,125400.0,125600.0,125600.0
not,125,600000000,125,800000000,125600.0,125800.0,125800.0
to,125,800000000,125,900000000,125800.0,125900.0,125900.0
be,125,900000000,126,0,125900.0,126000.0,126000.0
confused,126,0,126,600000000,126000.0,126600.0,126600.0
with,126,600000000,126,900000000,126600.0,126900.0,126900.0
the,126,900000000,127,200000000,126900.0,127200.0,127400.0
superscript,127,400000000,128,300000000,127400.0,128300.0,128300.0
round,128,300000000,128,700000000,128300.0,128700.0,128700.0
"brackets,",128,700000000,129,400000000,128700.0,129400.0,129800.0
which,129,800000000,130,200000000,129800.0,130200.0,130200.0
we,130,200000000,130,400000000,130200.0,130400.0,130400.0
used,130,400000000,130,700000000,130400.0,130700.0,130700.0
to,130,700000000,130,800000000,130700.0,130800.0,130800.0
refer,130,800000000,131,200000000,130800.0,131200.0,131200.0
to,131,200000000,131,400000000,131200.0,131400.0,131400.0
individual,131,400000000,132,0,131400.0,132000.0,132000.0
training,132,0,132,300000000,132000.0,132300.0,132300.0
examples.,132,300000000,133,0,132300.0,133000.0,133000.0
So,133,0,133,200000000,133000.0,133200.0,133200.0
whereas,133,200000000,133,500000000,133200.0,133500.0,133500.0
X,133,500000000,133,900000000,133500.0,133900.0,134200.0
superscript,134,200000000,134,800000000,134200.0,134800.0,134800.0
round,134,800000000,135,0,134800.0,135000.0,135000.0
"bracket,",135,0,135,500000000,135000.0,135500.0,135500.0
I,135,500000000,135,600000000,135500.0,135600.0,135600.0
referred,135,600000000,136,100000000,135600.0,136100.0,136100.0
to,136,100000000,136,200000000,136100.0,136200.0,136200.0
the,136,200000000,136,500000000,136200.0,136500.0,136500.0
I've,136,500000000,136,700000000,136500.0,136700.0,136700.0
training,136,700000000,137,0,136700.0,137000.0,137000.0
example,137,0,137,600000000,137000.0,137600.0,138100.0
superscript,138,100000000,138,800000000,138100.0,138800.0,138800.0
square,138,800000000,139,100000000,138800.0,139100.0,139100.0
bracket,139,100000000,139,800000000,139100.0,139800.0,140100.0
1,140,100000000,140,300000000,140100.0,140300.0,140300.0
and,140,300000000,140,500000000,140300.0,140500.0,140500.0
to,140,500000000,140,700000000,140500.0,140700.0,140700.0
refer,140,700000000,141,100000000,140700.0,141100.0,141100.0
to,141,100000000,141,200000000,141100.0,141200.0,141200.0
these,141,200000000,141,500000000,141200.0,141500.0,141500.0
different,141,500000000,142,0,141500.0,142000.0,142500.0
layers,142,500000000,143,100000000,142500.0,143100.0,143100.0
layer,143,100000000,143,500000000,143100.0,143500.0,143500.0
1,143,500000000,143,900000000,143500.0,143900.0,144800.0
and,144,800000000,145,100000000,144800.0,145100.0,145100.0
layer,145,100000000,145,300000000,145100.0,145300.0,145300.0
2,145,300000000,145,800000000,145300.0,145800.0,146000.0
in,146,0,146,100000000,146000.0,146100.0,146100.0
this,146,100000000,146,400000000,146100.0,146400.0,146400.0
new,146,400000000,146,700000000,146400.0,146700.0,146700.0
"network,",146,700000000,147,300000000,146700.0,147300.0,147900.0
but,147,900000000,148,100000000,147900.0,148100.0,148100.0
still,148,100000000,148,200000000,148100.0,148200.0,148200.0
going,148,200000000,148,500000000,148200.0,148500.0,148500.0
on,148,500000000,148,900000000,148500.0,148900.0,150100.0
shooting,150,100000000,150,500000000,150100.0,150500.0,150600.0
Z1,150,600000000,151,400000000,150600.0,151400.0,151900.0
similar,151,900000000,152,500000000,151900.0,152500.0,152500.0
to,152,500000000,152,700000000,152500.0,152700.0,152700.0
logistic,152,700000000,153,200000000,152700.0,153200.0,153200.0
regression,153,200000000,153,800000000,153200.0,153800.0,154100.0
they'll,154,100000000,154,300000000,154100.0,154300.0,154300.0
be,154,300000000,154,400000000,154300.0,154400.0,154400.0
a,154,400000000,154,500000000,154400.0,154500.0,154500.0
computation,154,500000000,155,600000000,154500.0,155600.0,155900.0
to,155,900000000,156,0,155900.0,156000.0,156000.0
compute,156,0,156,800000000,156000.0,156800.0,156800.0
a,156,800000000,157,0,156800.0,157000.0,157000.0
one,157,0,157,400000000,157000.0,157400.0,158000.0
and,158,0,158,100000000,158000.0,158100.0,158100.0
that's,158,100000000,158,400000000,158100.0,158400.0,158400.0
just,158,400000000,158,700000000,158400.0,158700.0,158700.0
a,158,700000000,158,700000000,158700.0,158700.0,159500.0
sigmoid,159,500000000,160,100000000,159500.0,160100.0,160100.0
of,160,100000000,160,200000000,160100.0,160200.0,160200.0
Z,160,200000000,160,400000000,160200.0,160400.0,160400.0
1,160,400000000,160,800000000,160400.0,160800.0,161200.0
and,161,200000000,161,400000000,161200.0,161400.0,161400.0
then,161,400000000,161,700000000,161400.0,161700.0,161700.0
you,161,700000000,161,800000000,161700.0,161800.0,161800.0
compute,161,800000000,162,700000000,161800.0,162700.0,163300.0
Z,163,300000000,163,600000000,163300.0,163600.0,163600.0
2,163,600000000,164,0,163600.0,164000.0,165200.0
using,165,200000000,165,600000000,165200.0,165600.0,165600.0
another,165,600000000,166,200000000,165600.0,166200.0,166200.0
set,166,200000000,166,400000000,166200.0,166400.0,166400.0
of,166,400000000,166,600000000,166400.0,166600.0,167300.0
linear,167,300000000,167,900000000,167300.0,167900.0,167900.0
equation,167,900000000,168,600000000,167900.0,168600.0,169000.0
and,169,0,169,100000000,169000.0,169100.0,169100.0
then,169,100000000,169,300000000,169100.0,169300.0,169300.0
compute,169,300000000,170,0,169300.0,170000.0,170400.0
a,170,400000000,170,600000000,170400.0,170600.0,170600.0
2,170,600000000,171,0,170600.0,171000.0,171800.0
and,171,800000000,172,0,171800.0,172000.0,172000.0
a,172,0,172,100000000,172000.0,172100.0,172100.0
2,172,100000000,172,600000000,172100.0,172600.0,173100.0
is,173,100000000,173,600000000,173100.0,173600.0,174000.0
the,174,0,174,100000000,174000.0,174100.0,174100.0
final,174,100000000,174,500000000,174100.0,174500.0,174500.0
output,174,500000000,175,100000000,174500.0,175100.0,175600.0
of,175,600000000,175,700000000,175600.0,175700.0,175700.0
the,175,700000000,175,900000000,175700.0,175900.0,175900.0
neural,175,900000000,176,100000000,175900.0,176100.0,176100.0
network,176,100000000,176,700000000,176100.0,176700.0,176800.0
and,176,800000000,176,900000000,176800.0,176900.0,176900.0
will,176,900000000,177,0,176900.0,177000.0,177000.0
also,177,0,177,200000000,177000.0,177200.0,177200.0
be,177,200000000,177,400000000,177200.0,177400.0,177400.0
used,177,400000000,177,700000000,177400.0,177700.0,177700.0
interchangeably,177,700000000,178,500000000,177700.0,178500.0,178500.0
with,178,500000000,178,700000000,178500.0,178700.0,178700.0
Y,178,700000000,178,900000000,178700.0,178900.0,178900.0
hat,178,900000000,179,400000000,178900.0,179400.0,180000.0
I,180,0,180,0,180000.0,180000.0,180000.0
know,180,0,180,200000000,180000.0,180200.0,180200.0
that,180,200000000,180,300000000,180200.0,180300.0,180300.0
was,180,300000000,180,400000000,180300.0,180400.0,180400.0
a,180,400000000,180,500000000,180400.0,180500.0,180500.0
lot,180,500000000,180,700000000,180500.0,180700.0,180700.0
of,180,700000000,180,700000000,180700.0,180700.0,180700.0
details,180,700000000,181,300000000,180700.0,181300.0,181300.0
for,181,300000000,181,400000000,181300.0,181400.0,181400.0
the,181,400000000,181,500000000,181400.0,181500.0,181500.0
key,181,500000000,181,800000000,181500.0,181800.0,181800.0
intuition,181,800000000,182,300000000,181800.0,182300.0,182300.0
to,182,300000000,182,400000000,182300.0,182400.0,182400.0
take,182,400000000,182,700000000,182400.0,182700.0,182700.0
away.,182,700000000,183,100000000,182700.0,183100.0,183600.0
Is,183,600000000,183,900000000,183600.0,183900.0,183900.0
that,183,900000000,184,200000000,183900.0,184200.0,184200.0
whereas,184,200000000,184,600000000,184200.0,184600.0,184600.0
for,184,600000000,184,700000000,184600.0,184700.0,184700.0
logistic,184,700000000,185,100000000,184700.0,185100.0,185100.0
regression,185,100000000,185,700000000,185100.0,185700.0,186100.0
we,186,100000000,186,300000000,186100.0,186300.0,186300.0
had,186,300000000,186,700000000,186300.0,186700.0,186700.0
this,186,700000000,187,100000000,186700.0,187100.0,187100.0
Z,187,100000000,187,500000000,187100.0,187500.0,187500.0
followed,187,500000000,187,800000000,187500.0,187800.0,187800.0
by,187,800000000,188,0,187800.0,188000.0,188000.0
a,188,0,188,400000000,188000.0,188400.0,188400.0
calculation,188,400000000,189,300000000,188400.0,189300.0,189600.0
and,189,600000000,189,700000000,189600.0,189700.0,189700.0
this,189,700000000,189,900000000,189700.0,189900.0,189900.0
new,189,900000000,190,100000000,189900.0,190100.0,190100.0
network,190,100000000,190,600000000,190100.0,190600.0,190600.0
here.,190,600000000,190,900000000,190600.0,190900.0,190900.0
We,190,900000000,191,0,190900.0,191000.0,191000.0
just,191,0,191,300000000,191000.0,191300.0,191300.0
do,191,300000000,191,500000000,191300.0,191500.0,191500.0
it,191,500000000,191,800000000,191500.0,191800.0,192100.0
multiple,192,100000000,192,500000000,192100.0,192500.0,192500.0
times,192,500000000,192,900000000,192500.0,192900.0,192900.0
as,192,900000000,193,100000000,192900.0,193100.0,193100.0
e,193,100000000,193,300000000,193100.0,193300.0,193300.0
followed,193,300000000,193,500000000,193300.0,193500.0,193500.0
by,193,500000000,193,700000000,193500.0,193700.0,193700.0
a,193,700000000,193,900000000,193700.0,193900.0,193900.0
calculation,193,900000000,194,700000000,193900.0,194700.0,195000.0
and,195,0,195,100000000,195000.0,195100.0,195100.0
a,195,100000000,195,200000000,195100.0,195200.0,195200.0
z,195,200000000,195,700000000,195200.0,195700.0,196000.0
followed,196,0,196,300000000,196000.0,196300.0,196300.0
by,196,300000000,196,500000000,196300.0,196500.0,196500.0
a,196,500000000,196,600000000,196500.0,196600.0,196600.0
calculation,196,600000000,197,500000000,196600.0,197500.0,198000.0
and,198,0,198,200000000,198000.0,198200.0,198200.0
then,198,200000000,198,500000000,198200.0,198500.0,198800.0
you,198,800000000,199,0,198800.0,199000.0,199000.0
finally,199,0,199,600000000,199000.0,199600.0,199600.0
compute,199,600000000,200,300000000,199600.0,200300.0,200300.0
the,200,300000000,200,500000000,200300.0,200500.0,200500.0
loss,200,500000000,200,700000000,200500.0,200700.0,200700.0
in,200,700000000,200,800000000,200700.0,200800.0,200800.0
the,200,800000000,200,900000000,200800.0,200900.0,200900.0
end.,200,900000000,201,300000000,200900.0,201300.0,201800.0
And,201,800000000,202,0,201800.0,202000.0,202000.0
you,202,0,202,0,202000.0,202000.0,202000.0
remember,202,0,202,700000000,202000.0,202700.0,202700.0
that,202,700000000,203,100000000,202700.0,203100.0,203100.0
for,203,100000000,203,200000000,203100.0,203200.0,203200.0
logistic,203,200000000,203,600000000,203200.0,203600.0,203600.0
regression.,203,600000000,204,100000000,203600.0,204100.0,204100.0
We,204,100000000,204,300000000,204100.0,204300.0,204300.0
had,204,300000000,204,500000000,204300.0,204500.0,204500.0
this,204,500000000,204,800000000,204500.0,204800.0,205500.0
backward,205,500000000,206,0,205500.0,206000.0,206000.0
calculation,206,0,206,900000000,206000.0,206900.0,207200.0
in,207,200000000,207,400000000,207200.0,207400.0,207400.0
order,207,400000000,207,800000000,207400.0,207800.0,207800.0
to,207,800000000,208,100000000,207800.0,208100.0,208600.0
compute,208,600000000,209,300000000,208600.0,209300.0,209300.0
the,209,300000000,209,400000000,209300.0,209400.0,210000.0
As,210,0,210,200000000,210000.0,210200.0,210200.0
you,210,200000000,210,300000000,210200.0,210300.0,210300.0
Computing,210,300000000,211,0,210300.0,211000.0,211300.0
the,211,300000000,211,600000000,211300.0,211600.0,211600.0
a,211,600000000,211,900000000,211600.0,211900.0,212100.0
DZ,212,100000000,212,500000000,212100.0,212500.0,212500.0
and,212,500000000,212,700000000,212500.0,212700.0,212700.0
so,212,700000000,212,900000000,212700.0,212900.0,212900.0
on.,212,900000000,213,200000000,212900.0,213200.0,213600.0
So,213,600000000,213,900000000,213600.0,213900.0,213900.0
in,213,900000000,213,900000000,213900.0,213900.0,213900.0
the,213,900000000,214,0,213900.0,214000.0,214000.0
same,214,0,214,300000000,214000.0,214300.0,214300.0
way,214,300000000,214,600000000,214300.0,214600.0,214700.0
in,214,700000000,214,900000000,214700.0,214900.0,214900.0
a,214,900000000,214,900000000,214900.0,214900.0,214900.0
new,214,900000000,215,100000000,214900.0,215100.0,215100.0
network,215,100000000,215,700000000,215100.0,215700.0,215700.0
will,215,700000000,215,800000000,215700.0,215800.0,215800.0
end,215,800000000,216,0,215800.0,216000.0,216000.0
up,216,0,216,200000000,216000.0,216200.0,216200.0
doing,216,200000000,216,600000000,216200.0,216600.0,216600.0
a,216,600000000,216,600000000,216600.0,216600.0,216600.0
backward,216,600000000,217,200000000,216600.0,217200.0,217200.0
"calculation,",217,200000000,218,0,217200.0,218000.0,218400.0
then,218,400000000,218,600000000,218400.0,218600.0,218600.0
looks,218,600000000,218,800000000,218600.0,218800.0,218800.0
like,218,800000000,219,0,218800.0,219000.0,219000.0
this,219,0,219,400000000,219000.0,219400.0,220000.0
in,220,0,220,200000000,220000.0,220200.0,220200.0
which,220,200000000,220,500000000,220200.0,220500.0,220500.0
"um,",220,500000000,220,700000000,220500.0,220700.0,221100.0
you,221,100000000,221,200000000,221100.0,221200.0,221200.0
end,221,200000000,221,500000000,221200.0,221500.0,221500.0
up,221,500000000,221,600000000,221500.0,221600.0,221600.0
Computing,221,600000000,222,400000000,221600.0,222400.0,224300.0
da2,224,300000000,225,100000000,224300.0,225100.0,226800.0
dz2,226,800000000,227,900000000,226800.0,227900.0,228300.0
that,228,300000000,228,400000000,228300.0,228400.0,228400.0
allows,228,400000000,228,800000000,228400.0,228800.0,228800.0
you,228,800000000,228,900000000,228800.0,228900.0,228900.0
to,228,900000000,229,0,228900.0,229000.0,229000.0
compute,229,0,229,600000000,229000.0,229600.0,230300.0
DW,230,300000000,231,100000000,230300.0,231100.0,231400.0
to,231,400000000,231,900000000,231400.0,231900.0,232700.0
db2,232,700000000,233,700000000,232700.0,233700.0,234900.0
and,234,900000000,235,0,234900.0,235000.0,235000.0
so,235,0,235,300000000,235000.0,235300.0,235300.0
on,235,300000000,235,600000000,235300.0,235600.0,236500.0
in,236,500000000,236,600000000,236500.0,236600.0,236600.0
this,236,600000000,236,800000000,236600.0,236800.0,236800.0
sort,236,800000000,237,0,236800.0,237000.0,237000.0
of,237,0,237,200000000,237000.0,237200.0,237200.0
a,237,200000000,237,400000000,237200.0,237400.0,237700.0
right,237,700000000,237,900000000,237700.0,237900.0,237900.0
to,237,900000000,238,100000000,237900.0,238100.0,238100.0
left,238,100000000,238,800000000,238100.0,238800.0,239300.0
back,239,300000000,239,500000000,239300.0,239500.0,240000.0
Calculation,240,0,240,700000000,240000.0,240700.0,240700.0
that,240,700000000,241,100000000,240700.0,241100.0,241100.0
is,241,100000000,241,300000000,241100.0,241300.0,241300.0
denoting,241,300000000,242,0,241300.0,242000.0,242200.0
with,242,200000000,242,400000000,242200.0,242400.0,242400.0
the,242,400000000,242,600000000,242400.0,242600.0,242600.0
Red,242,600000000,242,800000000,242600.0,242800.0,242800.0
Arrows.,242,800000000,243,400000000,242800.0,243400.0,244600.0
So,244,600000000,244,800000000,244600.0,244800.0,244800.0
that,244,800000000,245,0,244800.0,245000.0,245000.0
gives,245,0,245,300000000,245000.0,245300.0,245300.0
you,245,300000000,245,300000000,245300.0,245300.0,245300.0
a,245,300000000,245,400000000,245300.0,245400.0,245400.0
quick,245,400000000,245,700000000,245400.0,245700.0,245700.0
overview,245,700000000,246,400000000,245700.0,246400.0,246400.0
of,246,400000000,246,700000000,246400.0,246700.0,246700.0
what,246,700000000,247,200000000,246700.0,247200.0,247300.0
a,247,300000000,247,500000000,247300.0,247500.0,247500.0
neural,247,500000000,247,800000000,247500.0,247800.0,247800.0
network,247,800000000,248,300000000,247800.0,248300.0,248300.0
looks,248,300000000,248,600000000,248300.0,248600.0,248600.0
like,248,600000000,248,700000000,248600.0,248700.0,248700.0
it's,248,700000000,248,800000000,248700.0,248800.0,248800.0
basically,248,800000000,249,100000000,248800.0,249100.0,249100.0
take,249,100000000,249,300000000,249100.0,249300.0,249300.0
them,249,300000000,249,400000000,249300.0,249400.0,249400.0
to,249,400000000,249,500000000,249400.0,249500.0,249500.0
just,249,500000000,249,700000000,249500.0,249700.0,249700.0
simply,249,700000000,249,900000000,249700.0,249900.0,249900.0
Russian,249,900000000,250,400000000,249900.0,250400.0,250700.0
and,250,700000000,250,900000000,250700.0,250900.0,250900.0
repeating,250,900000000,251,400000000,250900.0,251400.0,251400.0
it,251,400000000,251,500000000,251400.0,251500.0,251500.0
twice.,251,500000000,252,100000000,251500.0,252100.0,252800.0
I,252,800000000,252,900000000,252800.0,252900.0,252900.0
know,252,900000000,253,100000000,252900.0,253100.0,253100.0
there,253,100000000,253,300000000,253100.0,253300.0,253300.0
was,253,300000000,253,300000000,253300.0,253300.0,253300.0
a,253,300000000,253,400000000,253300.0,253400.0,253400.0
lot,253,400000000,253,600000000,253400.0,253600.0,253600.0
of,253,600000000,253,700000000,253600.0,253700.0,253700.0
new,253,700000000,253,900000000,253700.0,253900.0,253900.0
notation,253,900000000,254,400000000,253900.0,254400.0,254400.0
lot,254,400000000,254,600000000,254400.0,254600.0,254600.0
of,254,600000000,254,700000000,254600.0,254700.0,254700.0
new,254,700000000,254,900000000,254700.0,254900.0,254900.0
details.,254,900000000,255,600000000,254900.0,255600.0,255900.0
Don't,255,900000000,256,100000000,255900.0,256100.0,256100.0
worry,256,100000000,256,200000000,256100.0,256200.0,256200.0
about,256,200000000,256,600000000,256200.0,256600.0,256600.0
if,256,600000000,256,600000000,256600.0,256600.0,256600.0
you,256,600000000,256,700000000,256600.0,256700.0,256700.0
don't,256,700000000,256,900000000,256700.0,256900.0,256900.0
follow,256,900000000,257,200000000,256900.0,257200.0,257200.0
everything,257,200000000,257,800000000,257200.0,257800.0,257800.0
will,257,800000000,258,0,257800.0,258000.0,258000.0
go,258,0,258,200000000,258000.0,258200.0,258200.0
into,258,200000000,258,700000000,258200.0,258700.0,258900.0
the,258,900000000,259,100000000,258900.0,259100.0,259100.0
details,259,100000000,259,700000000,259100.0,259700.0,259700.0
more,259,700000000,259,900000000,259700.0,259900.0,259900.0
slowly,259,900000000,260,300000000,259900.0,260300.0,260300.0
in,260,300000000,260,400000000,260300.0,260400.0,260400.0
the,260,400000000,260,500000000,260400.0,260500.0,260500.0
next,260,500000000,260,800000000,260500.0,260800.0,260800.0
few,260,800000000,260,900000000,260800.0,260900.0,260900.0
videos.,260,900000000,261,500000000,260900.0,261500.0,261700.0
So,261,700000000,261,800000000,261700.0,261800.0,261800.0
let's,261,800000000,262,0,261800.0,262000.0,262000.0
go,262,0,262,100000000,262000.0,262100.0,262100.0
on,262,100000000,262,300000000,262100.0,262300.0,262300.0
to,262,300000000,262,400000000,262300.0,262400.0,262400.0
the,262,400000000,262,500000000,262400.0,262500.0,262500.0
next,262,500000000,262,700000000,262500.0,262700.0,262700.0
video.,262,700000000,263,0,262700.0,263000.0,263000.0
We'll,263,0,263,200000000,263000.0,263200.0,263200.0
start,263,200000000,263,500000000,263200.0,263500.0,263500.0
to,263,500000000,263,500000000,263500.0,263500.0,263500.0
talk,263,500000000,263,800000000,263500.0,263800.0,263800.0
about,263,800000000,264,300000000,263800.0,264300.0,264300.0
the,264,300000000,264,400000000,264300.0,264400.0,264400.0
neural,264,400000000,264,600000000,264400.0,264600.0,264600.0
network,264,600000000,265,100000000,264600.0,265100.0,-1.0
